IDW62839	Forecasts For Western Australian Provincial Towns
IDY03028	Weather Observations : West Australia
IDV10461	Local Waters Forecast For Western Port
IDV17004	North Central District Forecast
IDN11031	Southern Tablelands District Forecast
IDV10715	Mount Buller Forecast
IDW62876	Precis Town Forecasts For Western Australia
IDW62867	Precis Town Forecasts For Western Australia
IDV10724	Tullamarine Forecast
IDW62868	Precis Town Forecasts For Western Australia
IDV10460	Local Waters Forecast For Port Phillip
IDV10450	Melbourne Metropolitan Area Forecast
IDY03025	Weather Observations : Northern Territory
IDN20100	Coastal Waters Wind Warning
IDW62855	Precis Town Forecasts For Western Australia
IDN11111	Orange Forecast
IDV20010	Coastal Waters Wind Warning
IDW62801	District Forecasts For Western Australia
IDY03029	Weather Observations : Antarctica
IDY03024	Weather Observations : Tasmania
IDW62833	Forecasts For Western Australian Provincial Towns
IDW62871	Precis Town Forecasts For Western Australia
IDN11030	Central Tablelands District Forecast
IDW62851	Precis Town Forecasts For Western Australia
IDW62861	Precis Town Forecasts For Western Australia
IDV17102	Central District Forecast
IDW62818	Western Coastal Waters Forecast For Western Australia
IDW62832	Forecasts For Western Australian Provincial Towns
IDN11028	South Coast District Forecast
IDW62854	Precis Town Forecasts For Western Australia
IDN11013	Local Waters Forecast For Sydney Closed Waters
IDN65068	New South Wales Fire Danger Ratings
IDN11029	Northern Tablelands District Forecast
IDN11008	Coastal Waters Forecast For New South Wales
IDN10035	Updated Canberra Forecast
IDW62866	Precis Town Forecasts For Western Australia
IDV19300	Local Waters Forecast For Gippsland Lakes
IDV36330	Final Flood Warning For The Bunyip River At Iona And Cora Lynn Ford.
IDN11103	Broken Hill Forecast
IDN11102	Batemans Bay Forecast
IDV17101	South West District Forecast
IDV10718	Orbost Forecast
IDV17002	Wimmera District Forecast
IDN11034	Central West Slopes And Plains District Forecast
IDW62877	Precis Town Forecasts For Western Australia
IDN11117	Taree Forecast
IDW62828	Forecasts For Western Australian Provincial Towns
IDN10064	Updated Sydney Forecast
IDV10729	Yarra Glen Forecast
IDN11101	Armidale Forecast
IDW62822	Southern Coastal Waters Forecast For Western Australia
IDY03023	Weather Observations : Victoria
IDW62848	Precis Town Forecasts For Western Australia
IDV10705	Ballarat Forecast
IDV18600	Fire Weather Briefing For Victoria
IDW62864	Precis Town Forecasts For Western Australia
IDV10726	Warrnambool Forecast
IDW62835	Forecasts For Western Australian Provincial Towns
IDW62847	Precis Town Forecasts For Western Australia
IDN36632	Minor Flood Warning
IDY03026	Weather Observations : Queensland
IDN11118	Bega Forecast
IDV10713	Laverton Forecast
IDW62879	Precis Town Forecasts For Western Australia
IDW62888	Precis Town Forecasts For Western Australia
IDW62824	Southern Coastal Waters Forecast For Western Australia
IDW62862	Precis Town Forecasts For Western Australia
IDV10708	Echuca Forecast
IDV10580	Precis Forecasts For Victorian Cities And Towns
IDW62881	Precis Town Forecasts For Western Australia
IDW62885	Precis Town Forecasts For Western Australia
IDW62806	District Forecasts For Western Australia
IDW62809	District Forecasts For Western Australia
IDW62846	Precis Town Forecasts For Western Australia
IDV10716	Mount Dandenong Forecast
IDN11107	Goulburn Forecast
IDW62886	Precis Town Forecasts For Western Australia
IDV10709	Frankston Forecast
IDW62849	Precis Town Forecasts For Western Australia
IDW62882	Precis Town Forecasts For Western Australia
IDW62880	Precis Town Forecasts For Western Australia
IDV10710	Hamilton Forecast
IDN11051	Newcastle Forecast
IDV17001	Mallee District Forecast
IDW62810	District Forecasts For Western Australia
IDV10728	Wonthaggi Forecast
IDV10719	Sale Forecast
IDW62870	Precis Town Forecasts For Western Australia
IDV36620	Minor Flood Warning For The Kiewa River
IDW62807	District Forecasts For Western Australia
IDY03027	Weather Observations : South Australia
IDW62815	Northern Coastal Waters Forecast For Western Australia
IDW62852	Precis Town Forecasts For Western Australia
IDN10031	Nsw And Act Forecast
IDW62857	Precis Town Forecasts For Western Australia
IDV10720	Scoresby Forecast
IDW62819	Western Coastal Waters Forecast For Western Australia
IDN11116	Bowral Forecast
IDW62805	District Forecasts For Western Australia
IDN11055	Updated Alpine Centres Forecast
IDN11039	Australian Capital Territory Forecast
IDV10711	Horsham Forecast
IDW62816	Northern Coastal Waters Forecast For Western Australia
IDW62878	Precis Town Forecasts For Western Australia
IDW62831	Forecasts For Western Australian Provincial Towns
IDN11036	Riverina District Forecast
IDN11109	Katoomba Forecast
IDW62874	Precis Town Forecasts For Western Australia
IDV10722	Shepparton Forecast
IDW62875	Precis Town Forecasts For Western Australia
IDN11037	Upper Western District Forecast
IDW62800	District Forecasts For Western Australia
IDW62883	Precis Town Forecasts For Western Australia
IDW62889	Precis Town Forecasts For Western Australia
IDW62802	District Forecasts For Western Australia
IDW62863	Precis Town Forecasts For Western Australia
IDN11023	Western Inland District Forecasts
IDN11110	Lismore Forecast
IDW62830	Forecasts For Western Australian Provincial Towns
IDV10310	Victoria State Forecast
IDW62869	Precis Town Forecasts For Western Australia
IDN11002	Coastal Waters Forecast For New South Wales
IDW62840	Forecasts For Western Australian Provincial Towns
IDW62865	Precis Town Forecasts For Western Australia
IDW62845	Precis Town Forecasts For Western Australia
IDW62872	Precis Town Forecasts For Western Australia
IDN11106	Dubbo Forecast
IDW62834	Forecasts For Western Australian Provincial Towns
IDW62850	Precis Town Forecasts For Western Australia
IDV17103	West And South Gippsland District Forecast
IDW62873	Precis Town Forecasts For Western Australia
IDN11004	Coastal Waters Forecast For New South Wales
IDN11119	Cooma Forecast
IDW62887	Precis Town Forecasts For Western Australia
IDN11108	Griffith Forecast
IDN11033	North West Slopes And Plains District Forecast
IDN11001	Coastal Waters Forecast For New South Wales
IDN11032	Updated Snowy Mountains District Forecast
IDV17005	Northeast District Forecast
IDN11005	Coastal Waters Forecast For New South Wales
IDW62837	Forecasts For Western Australian Provincial Towns
IDN11009	Coastal Waters Forecast For New South Wales
IDV10704	Bairnsdale Forecast
IDW62859	Precis Town Forecasts For Western Australia
IDW62836	Forecasts For Western Australian Provincial Towns
IDN11011	Coastal Waters Forecast For New South Wales
IDV36900	Minor To Moderate Flood Warning
IDN11112	Port Macquarie Forecast
IDY03031	Weather Observations : International
IDV36050	Flood Summary
IDN11022	South East District Forecasts
IDN11053	Wollongong Forecast
IDV17104	East Gippsland District Forecast
IDW62838	Forecasts For Western Australian Provincial Towns
IDN11027	Illawarra District Forecast
IDN11038	Lower Western District Forecast
IDW62858	Precis Town Forecasts For Western Australia
IDN11114	Wagga Wagga Forecast
IDW62829	Forecasts For Western Australian Provincial Towns
IDV10723	Swan Hill Forecast
IDV10703	Albury/wodonga Forecast
IDN11007	Coastal Waters Forecast For New South Wales
IDW62821	Western Coastal Waters Forecast For Western Australia
IDV36710	Final Flood Warning For The Lower Goulburn River.
IDN11026	Hunter District Forecast
IDV10200	Coastal Waters Forecast For Victoria
IDV36810	Final Flood Warning For The Loddon River D/s Of The Loddon Weir
IDW62856	Precis Town Forecasts For Western Australia
IDN11105	Coffs Harbour Forecast
IDV10725	Wangaratta Forecast
IDN11035	South West Slopes District Forecast
IDW62814	Northern Coastal Waters Forecast For Western Australia
IDW62892	Precis Town Forecasts For Western Australia
IDN11121	Tweed Heads Forecast
IDW62817	Western Coastal Waters Forecast For Western Australia
IDW62820	Western Coastal Waters Forecast For Western Australia
IDY03022	Weather Observations : New South Wales
IDW62890	Precis Town Forecasts For Western Australia
IDW62808	District Forecasts For Western Australia
IDN36631	Minor To Moderate Flood Warning
IDN11010	Coastal Waters Forecast For New South Wales
IDN11012	Coastal Waters Forecast For New South Wales
IDN11052	Central Coast Forecast
IDW62811	District Forecasts For Western Australia
IDV10300	Notes On The Weather
IDN36626	Minor Flood Warning
IDV10714	Mildura Forecast
IDW62884	Precis Town Forecasts For Western Australia
IDN11003	Coastal Waters Forecast For New South Wales
IDV10721	Seymour Forecast
IDW62891	Precis Town Forecasts For Western Australia
IDN11006	Coastal Waters Forecast For New South Wales
IDN11113	Tamworth Forecast
IDV10712	Latrobe Valley Forecast
IDW62803	District Forecasts For Western Australia
IDV17003	Northern Country District Forecast
IDW62860	Precis Town Forecasts For Western Australia
IDN11024	Northern Rivers District Forecast
IDN11025	Mid North Coast District Forecast
IDN11104	Cobar Forecast
IDW62823	Southern Coastal Waters Forecast For Western Australia
IDN11021	North East District Forecasts
IDW62853	Precis Town Forecasts For Western Australia
IDW62804	District Forecasts For Western Australia
IDV10717	Mount Hotham Forecast
IDN36624	Minor Flood Warning
